dedupe_hash,whisky_name_raw,distillery,score,review_text_original,review_year,fruit_review_text_per1k,peat_review_text_per1k,sherry_review_text_per1k,oak_review_text_per1k,texture_review_text_per1k,mineral_review_text_per1k,flaw_review_text_per1k,structure_review_text_per1k,eval_review_text_per1k,selection_criterion
563179dd49b57804d812910a4d99e025e1aa076f3538aa255b864909fc25f7c8,"Ardbeg 11 yo 1991/2002 (62.2%, Cadenhead's, Bond Reserve, bourbon hogshead, 306 bottles)",Ardbeg,90,"We were quite fond of this other series from Cadenhead. We've tried this before, utterly loved it, but never wrote any tasting note. Now is the time, twenty years later... Colour: straw. Nose: a strong presence of varnish, glue, cider vinegar, oysters, acetone, and that's about it at 62%, which is normal. With water: sharp lime, nail polish, more varnish, mop, old tweed, salty porridge, sourdough... Truly in the midst of nature. Mouth (neat): is this even legal? Acetone, glue, and kirsch fresh from the still. In short, wonderful promises... With water: roots, smoke and salt, candied turnips, sauerkraut, green pepper, samphire, seawater, sea urchins, oysters, salted butter... And a bit of chilli and Tabasco. Finish: long, a bit more candied, very lightly honeyed. Sour turnip is back in the aftertaste, complemented by pickled anchovies. Comments: it's quite mad. I had this baby at on my list (but remember, without any proper note) but to be completely honest, I couldn't remember why such a high score. Never drink and taste! It's very much to my taste, but let's not get carried away... A rather wild young Ardbeg.",2023,5.376344086021506,16.129032258064516,0.0,0.0,5.376344086021506,10.752688172043012,43.01075268817205,0.0,5.376344086021506,D1: High score + high flaw
23a484bf29aaf5cd324852b3f5262826d1b4d9d265490dad5ee69a8ea8e6ee9c,"Glenrothes 23 yo 1998/2022 'The 26 #1' (52.2%, Maltbarn, sherry cask, 47 bottles)",Glenrothes,90,"From Maltbarn's small-parcel line. Small outturns, excellent whiskies, as we've already noticed. And this, is sherry! Colour: deep gold. Nose: holy Molly, this is something! Litres of nail polish remover, a lot of balsamico, much more compost this time, some glue, more acetone yet… This is almost high-ester whisky, mind you. Well, it's going to be hit or miss, but things are already calming down, it seems. With water: not quite, its geared towards manzanilla now. And towards sherry vinegar. Mouth (neat): huge, high-concentration varnish, something ammoniacal, onion soup, toffee… It is almost 'bacterial' but we do know that bacteria (and batteries, ha) are part of our future. But some acetic sting in whisky? Really? Was it in the sherry? With water: splendid now. Walnuts, seawater, vinegar, varnish. Finish: rather long and extremely manzanilla-y. Comments: this slightly trans-genre baby was frightening at times, but in the end of the day, I love it. Is this reproductible, Martin? I mean, willingly?",2023,0.0,0.0,25.157232704402517,0.0,0.0,0.0,37.73584905660377,6.289308176100629,6.289308176100629,D1: High score + high flaw
86f4e54c7bd963a1b17727cb3cfd2ba5adb2b44d3da5a85bf09fadfdeb4065af,"Speyside Distillery 28 yo 1992/2021 (56.4%, House of MacDuff, Golden Cask, bourbon barrel, cask #CM275, 171 bottles)",Macduff,91,"Colour: amber gold. Nose: glue and turpentine, as a matter of fact I love this. Then balsa wood, drops of coconut wine, some very sweet mustard and some touches of garam masala this time again. I find this just superb and really characterful. With water: gets very faintly acetic, which we love, while paints, varnish, glues and turpentine keep running the show. Four aces. Mouth (neat): huge and almost totally on dazzling old bourbon such as the earlier Willetts. I know it's the cask, but what a cask! With water: have I missed something here? Where does this magic come from? Honeyed oats, putty, fresh marzipan, roasted sesame, baklavas… Ho-ho-ho-ho… Finish: long and perfect. Stunning nougat and honeys, reminding me of some stuff from Nature Valley's. I know, bad nutrition advice, Brora ( and Speyside Distillery, apparently) is better. Comments: a bit over the top here and there, but we don't care, this old little Speyside is mind-boggling. A wonderful surprise, golden cask indeed.",2023,0.0,0.0,12.195121951219512,12.195121951219512,0.0,0.0,36.58536585365854,0.0,18.29268292682927,D1: High score + high flaw
914680da606d8d346f36720362471f33102220b8a1f1a85fd0e09c6778860f4c,"Balblair 10 yo (40%, Gordon & MacPhail, +/-2005)",Balblair,75,"Colour: gold. Nose: this baby is surprisingly woody at first sniffing, with some sawdust and vanilla, then more honey and apple pie. It's relatively old school, lightly so if you see what I mean. Would rather go on with more fresh fruits and thus in modern 'official' direction. Peaches and gooseberries. Anyway, a nice fresh nose. Mouth: very light this time, but the fruitiness comes out. More apples and oranges this time, then the oak gets louder, with this feeling of sawdust yet again. Some nutmeg and cinnamon too. Finish: quite short, grassier and a little drying. Comments: my definition of a 75-points malt. I think this baby ought to be sipped on ice to tame the surprisingly big woodiness.",2013,58.8235294117647,0.0,0.0,42.016806722689076,8.403361344537815,8.403361344537815,0.0,0.0,0.0,D2: Low score + high fruit
d092de60533f449d52eaac89f7f2f6c925ccfdef14afd89dfbf078ee4904a7a9,"Bruichladdich 14 yo 2004/2019 (63.6%, SCSM, China, red wine, cask #1540, 402 bottles)",Bruichladdich,70,"Red wine? Which red wine? Colour: gold. Nose: well well well, you cannot always win, and I’m not sure whiffs of truffles, gunpowder and hard-boiled eggs is always a good thing. With water: and gas. Mouth (neat): green pepper, white pepper, cloves, ginger… And gunpowder. With water: a littler nicer, thanks to some marmalade. Marmalade would help any whisky. Finish: rather long, very spicy. Seville oranges, ginger, pepper, strawberry jam. And green pepper in the aftertaste. Comments: a battleground the next morning. What I could try so far from our friends in China has always been first class, but this is really too glitchy for me. Red wine and whisky? Always proceed with caution…",2019,52.63157894736842,0.0,0.0,8.771929824561402,0.0,17.543859649122805,0.0,0.0,8.771929824561402,D2: Low score + high fruit
410f4955acbc74f502f9684d6f8893605ea6d65c7cafb782048fd3cd113959e9,"Glenallachie 16 yo 1995/2011 (50%, Douglas Laing, Old Malt Cask, refill hogshead, 295 bottles)",Glenallachie,75,"Colour: white wine. Nose: it's a very young one, the cask's been quite silent and lazy, which the colour suggested. Porridge, barley, cut grass, butter, apple juice and drops of kirsch, not much else. With water: the porridgy sides comes out more. Damp oatcakes and hints of mashed bananas. Maybe! Mouth (neat): apple and pear juice plus plum eau-de-vie. Extremely young and even almost bubblegumy, but the distillate is clean enough to make it kind of pleasant. Resembles many a young naked Speysider. With water: gets rather more interesting, even if it remains very simple. Apple crumble and a little white pepper. Finish: quite short, clean, on apples and barley sugar. Comments: pretty honest young naked malt whisky from Speyside. Not much else to say.",2013,48.387096774193544,0.0,0.0,0.0,16.129032258064516,40.32258064516129,0.0,8.064516129032258,8.064516129032258,D2: Low score + high fruit
3e62945596009448912bd2a075dcf04ee2245d092c84d4c459bf4571055454ed,"Springbank 23 yo 1994/2017 (50.6%, The Nectar of the Daily Drams)",Springbank,94,"It’s a Westvleteren cask finish, that’s what I’ve heard from some usually-well-informed Belgian source, but given the very relative sobriety of that Belgian source, please allow me to question that bit of information. Oh come on, can’t we laugh a bit? Colour: white wine. Nose: get-out-of-here! Some friend suggested this could be Longrow, and indeed this could be Longrow, as the indies usually get their Longrows as Springbanks. Take ashes, mix with brine, add lemon juice, add ink, add crushed chalk, add a little ‘clean’ sulphur, and add a few fermenting (right, rotting) fruits. There, you have it. With water: plaster and charcoal, crushed and mixed with olive brine and lemon juice. Why anyone would do that, I don’t know, but there… Mouth (neat): extraordinarily zesty. All chalk mixed in lemon juice and soot, cigar ashes, and olive brine. You just cannot stop this, it conquers you. With water: Longrow or Springbank (or Benromach or Clynelish), f**ck it all. And please call the anti-maltoporn brigade! Finish: why do you need to know? Comments: kudos Jan and Mario, this was some selection! I’m really glad you could get thirty-five other casks of the same make, and that you’re already taking reservations. Great initiative, really.",2017,14.778325123152708,24.630541871921185,4.926108374384237,0.0,4.926108374384237,9.852216748768473,4.926108374384237,0.0,4.926108374384237,D3: Sulphur + high score (context-dependent)
876ad883431eaaf61e4ff2c052340a014c8d90379aea7b1cff304153e67d504e,"Blair Athol 38 yo 1986/2025 (51.5%, One8Nine, 1st fill oloroso sherry hogshead, cask #20078, 122 bottles)",Blair Athol,93,"It doesn’t seem I’ve ever come across such an old Blair Athol before, have you? The price strikes me as very reasonable, what's more... That said, one always feels a degree of trepidation before approaching such an old malt, has it weathered the years with dignity? Let’s find out promptly... Colour: mahogany. Nose: exactly what we'd been hoping for, extremely old umeshu mingling with a medley of ancient waxes, antique books, prunes and tamarinds, cigars, hoisin sauce, lovage, chestnut honey and... some venerable armagnac and very old agricole rum. Never has the old adage—that all the world’s ancient spirits eventually converge—rung truer. Splendid. With water: old wood dust and crumbled masonry, then dazzling echoes of jamon iberico—say, 9,582,437 belottas, if that were a valid rating. Mouth (neat): a rather surprising profile on the palate, opening on propolis by the ladleful, then pine resin, pepper, bitter orange, and above all, black truffle. Mind you, we are not speaking of sulphur here, this is pure black truffle. With water: the addition brings out oaky and fir honeydews. Finish: long, with the arrival of mint chocolate, as fashioned by a proper artisan chocolatier in Perthshire—or anywhere, really. Tamarind jam, black propolis and fir resin seal the whole affair. Comments: this is not one of those old malts trying to appear young like a fading Hollywood actress attempting a comeback—on the contrary, it wears its years proudly, and that is precisely what gives it its towering charm.",2025,20.161290322580644,0.0,8.064516129032258,16.129032258064516,0.0,16.129032258064516,4.032258064516129,0.0,0.0,D3: Sulphur + high score (context-dependent)
c98789f262dfbc805338672301fcbd0a5b97ce61d6cbe59fcd869b58f3dbd4ee,"Mortlach 23 yo 1972 (59.4%, OB, Rare Malts, B291, +/-1995)",Mortlach,93,"There had been different batches or even single casks (some early RMs were single casks indeed) of this black baby, identified by a cryptic code, in this case B291. Oh don’t we all so miss the Rare Malts (when whisky was all about elegance and content)? Colour: gold. Nose: stop it. This is immense, as perfect as a Patek Philippe Grande Complication, and yet extremely concise. Now you see, it’s a 1972, and in 1972, all planets aligned to perfection over Scotland. Sunflower oil, compote, graphite, plasticine, paraffin, soft sulphur, citrons… You might start to think about calling the Anti-maltoporn Brigade. Just saying… With water: astounding, it reacts to water even better than pastis. Superb beeswax. Mouth (neat): terrific, as Cosmo Kramer used to say. Lemony, mineral, medicinal, oily, yet sharply herbal… And this fatness, this is no empty malt whisky! As they say, it’s superlative. By Jove, 1972… With water: bang, the waxes are back. You may call that brigade NOW. Finish: I so like it that this wee sulphury side is still there. Comments: Diageo, now that retro’s gotten so ‘today’, why not restart the Rare Malts series? Take our money and do it!",2017,0.0,5.1020408163265305,0.0,0.0,10.204081632653061,20.408163265306122,5.1020408163265305,0.0,10.204081632653061,D3: Sulphur + high score (context-dependent)
ba46d9ac740fe0ed615b4193aaa5c931fa408cea1d1e72f5f09867cb0744f9dd,"Laphroaig 13 yo 1967/1980 (46%, Cadenhead Dumpy, Sherry Wood)",Laphroaig,97,"Probably no need to remind everyone that the stocks for this bottling were the sibling casks that were used for a later 15 year old example and the legendary 67 Samaroli Laphroaig as well. Expectations are pretty high... Colour: light amber. Nose: an outrageously fat and greasy coastal profile. A whole fishing harbour full of smoked mussles, capers, black olives, anchovies, sardines and tar all mixed up with brine, sea water, lemon juice, peat-infused waxes and many tertiary aspects such salty raisins, old leathery sweet wines, menthol tobacco ashes, preserved lemons, boiler smoke, coal hearths and a stray hospital spilling frothy medicines everywhere. Antiseptic mixed with black olive tapenade, new leather shoes, iodine tabs, TCP, old school cough syrup and a kind of grizzle, raw, metallic peat smoke. As you may have guessed, we have long since passed the point of calling the anti-maltoporn brigade. There are so many stunning and complex little characteristics in this whisky that we should really just declare it an aromatic masterpiece and move on to the palate... Mouth: tar matured in a rum barrel, blood orange pith, greasy smoke, boilers, car engines, silage, fermenting hay and lemons, salt-cured meats and notes of frying bacon smoked mead. This is grizzly, fatty, greasy, huge and also complex. The kind of whisky that commands your attention and kind of controls you. There’s a salty, dry old Madeira note, some kippers, some fishing nets, medicines and over time there’s also these deep, crystalised and dried tropical fruit notes. A kind of fruit mix with nuts, salt and various oily medicines. Yet again, this is the kind of taste you could wax lyrical about all night long. No wonder these 67 Laphroaigs have such a ridiculous reputation. Finish: endless, leathery, meaty, fatty, greasy peats, salty lemons, dried herbs, liqueurs, fruit syrups, wood extracts, gloopy medicines and some rather lean and chiselled minerals. And yet, ultimately, also harmonious and balanced. Utterly stunning! Comments: In this day and age it feels somewhat embarrassing to write such a tasting note given how scarce and generally unobtainable this sort of bottling is, however, I also feel it would be disingenuous to not record praise where it’s due. And it is certainly due here. A truly thrilling and also remarkably different whisky. I’d also add that it diverges somewhat from the 15yo version and the Samaroli in quite a distinctive fashion - these leathery, salty, farmyard and fishing port notes are just blinding. Whisky for the ages.",2018,7.317073170731708,41.463414634146346,4.878048780487805,2.4390243902439024,14.634146341463415,4.878048780487805,2.4390243902439024,12.195121951219512,0.0,D4a: Smoke valued
8516eed99ad9b8d55761374aa99277a75c5a7f1b7679131c61c06e14f0b20eef,"Bowmore 1968/1977 (59.7%, OB, Feschio & Frassa, sherry cask, cask #222)",Bowmore,97,"Another dram that has something of a ‘reputation’... Colour: gold. Nose: what strikes first is just this immense sense of control and poised power. It’s coastal in the extreme with these walls of seawater, crushed seashells, beach sand and drying beach kelp, but there’s also a core of fruit within that. A big, beating heart of pineapple, mango, guava and passion fruit that just screams 60s Bowmore. Around that swirls some cigar smoke, mineral salts, fresh butter, chopped chives, aspirin, lemon dust and - eventually - bushels of raw, freshly kilned malt. It keeps changing as well, veering at some points more towards medicine and then back towards the shoreline. In between there’s these wee notes of fabric, linen, putty and miso broth. Incredible complexity and power. A whisky that is totally in control; you can but follow... With water: all the above but add waxes, putty, cereals, pure acacia honey, various fruit eau de vies, Elastoplast, mead... utterly stunning! Mouth: holy fuck! A tidal surge of coastal complexities and ripe tropical fruits. Star fruit, mango, banana, apple, all shades of citrus, passion fruits again - even grape syrup and pomegranate. Just incredible! Beyond all this fruitiness there’s soft notes of tar, herbal ointments, fish sauce, lime juice, mouthwash, iodine, herbal toothpaste... Gah, I’m not sure I know how to continue describing this one. With water: we’re reaching perfection here. The fusion of oils, peat, seashore, salinity, waxes and immense tropical fruits is a combination that is near impossible to surpass in whisky in my experience. Finish: we’re well and truly down the rabbit hole now. And I for one have no interest in returning. Comments: It’s not the first time I’ve tried this whisky. I recall a bottle opened for a friend’s 50th birthday which was an utter monster when first cracked but revealed all its hidden qualities slowly over time. And by time I mean approximately 2 years. This one seems to be really at its peak, the kind of whisky that I think really only existed for a snapshot of human existence. Humbling stuff.",2019,37.90087463556851,20.408163265306122,2.9154518950437316,0.0,2.9154518950437316,5.830903790087463,0.0,0.0,0.0,D4a: Smoke valued
24b6d73f3f59572e781693e7ab3ba68b76ea080e7137b4dc52bebd386d4793a7,"Talisker 'Skye' (45.8%, OB, +/-2025)",Talisker,78,"It's been seven years since we last tasted this little NAS from the entry-level shelf. Fair to say that the last time, back in 2018, I found it rather underwhelming (), especially when compared with the stunning 10yo () that we tend to follow almost every year. Angus liked it even less than I did (). Colour: gold. Nose: it’s fairly rough, salty, but also a tad vinegary and acidic, with an odd combo of smoke and apple juice, soon joined by a vaguely sour sort of vanilla coconut. Really quite strange, almost a bit flat or stale on the nose. Mouth: clearly not as dramatic as in 2018, perhaps they’ve tweaked the recipe a touch. Loads of seawater, still a drop of vinegar, then a note of soaked sawdust and, eventually, custard that clashes somewhat with the briny smoke. Finish: the ‘plank’ comes to the fore, but the sea and the smoke remain firmly in place. Comments: not entirely my cup of malt, but it does seem a notch better.",2025,5.847953216374268,23.391812865497073,0.0,17.543859649122805,0.0,5.847953216374268,11.695906432748536,11.695906432748536,0.0,D4b: Smoke condemned
a313450a8075310d6e8c950337bd759f5f1d5b2888705661d33daf3e7b939574,"Linkwood-Glenlivet 23 yo 1992/2016 (55.3%, Cadenhead, Small Batch, bourbon hogsheads, 492 bottles)",Linkwood,78,"It's amazing what you find in the boxes… Colour: light gold. Nose: it's a tighter batch, a waxier one, a more medicinal one too, more on chalky menthol, ointments, fresh butter, grasses… With water: okay. Herbs, dry wines, sour fruits, leaven… Nothing to write home about. Mouth (neat): mint and grasses, hay, touch of tar and plastic, rotting fruits, paraffin, propolis… This one's not too easy, despite the vatting that's been done, with much care I'm sure. With water: no, we get lost between peelings and bitter grasses. Finish: long, bitter, austere. Comments: much trouble with this tough guy that's been bitter and grassy, and probably pretty unnecessary.",2022,9.25925925925926,18.51851851851852,0.0,0.0,27.777777777777775,9.25925925925926,18.51851851851852,0.0,0.0,D4b: Smoke condemned
048d2d0aa9f3daed187646dad487bb34e2b7162a79ee5e155a19eec5572f13b9,"Springbank 12yo (100 proof / 57.1%, OB for Samaroli, early 1980s, 2400 bottles)",Springbank,97,"To think there were once 2400 bottles of this juice! I’d love to know if Springbank had the presence of mind to refill these casks? Colour: orangey amber. Nose: a quick grasp of waxes and putty, then it drags you hell for leather into a vortex of dried wild mushrooms, various tobaccos, oily sheep wool, golden sultanas soaked in honey, rancio, salted meats, leaf mulch, caraway, rosehips, red fruits such as red currents and cranberries and things like black pepper. There’s also animalistic notes of game, sweat and stables. The sherry is rather profound in that it displays multiple facets with such breathtaking distinction and precision. There’s this earthy side that encompasses coal scuttles and hummus, then the sinewed mineral side that nods towards preserved lemons, salinity and beach pebbles. And finally that fruity core of raisins, dates, kumquats, citronella, pineapple syrup and something floral like foxgloves or carnations. You can see the foundations of this whisky’s almighty reputation. With water: dark chocolate infused with sea salt and dried chilli, mirabelle, yellow wild flowers such as dandelions, a whole rack of dried herbs, toasted fennel seeds and more of this deep and profound rancio quality. Mouth: the thing that strikes first is this salty and oily meatiness, like a salami laced with fruity red chilli. But it gives way to this abundance of silky and sinewy dark fruits. Dates, fig, plums baked in sweet wines, prune eau de vie, camphor, linseed oils, dried tarragon and things like hawthorne, golden syrup, balsamic and lanolin. A level of intensity and a density of texture and flavour that goes beyond simply powerful but feels almost purposeful as well. With water: really evolves quite strikingly with water. I get things such as gun oil, strap leather, mint julep, pipe tobacco, bitter chocolate, a flicker of matchbox, flinty mineral notes, mineral oil itself and then ancient herbal liqueurs such as yellow chartreuse. You could really just go on and on picking out an endless list of flavours and aromas from this beguiling old Siren of Campbeltown. Finish: Ridiculously long. A slow drift through herbs, nuts, dunnage warehouses, Jerez bodegas, workshops, the Kintyre shoreline, some sweet wine orientated wine cellars, the farmyard and the delicatessen. Comments: It’s not the first time I’ve been fortunate enough to taste this whisky. It’s one of these drams that just seems determined to never give up its full self in one go. Every time I try it I come away feeling differently about it; with a sense that I’ve discovered something new or thought it was different from before. There’s not many drams that can toy with you in such a profound and affecting way. In that sense it really shares something with the Bowmore above. But anyway, Samaroli, pffft, what did that guy know...",2019,13.015184381778742,6.507592190889371,17.35357917570499,0.0,8.676789587852495,8.676789587852495,0.0,4.3383947939262475,0.0,D5a: Farmyard as terroir (positive)
335df22f49411ea9817cdbc37faf7da20fc72c28eea310ef93a3d46ad6a5928a,"Benriach 'Birnie Moss' (48%, OB, +/-2012)",Benriach,78,"Birnie Moss has just been repackaged and kind of realigned with the regular range. I wasn’t a fan of the first Bernie Moss back in 2008 and thought it was too young (). Colour: pale white wine. Nose: very, very, and I mean very newmaky. Smoked pear juice plus something tequila-ish (White tequila of course) over boiled cereals and mashed potatoe. Frankly, it’s a nice nose but I think we’re closer to unaged spirits here. Peated white dog? Mouth: same. New make, farmy elements, peated beer, barley… Really close to what they make you drink when visiting a distillery on Islay. You know what I mean. Yup, new make. Finish: medium long, ashy and smoky. The ashtray syndrome. Comments: I guess this is to sipped over quite ice, or maybe you can use it for smoky cocktails. Maybe a kind of peated mojito? Quality’s there, no doubt, but it’s not quite mature whisky in my book. Maybe it’s a little peatier than earlier batches.",2012,6.097560975609756,12.195121951219512,0.0,0.0,0.0,30.48780487804878,0.0,0.0,0.0,D5b: Farmyard as unclean (negative)
7fb266c899e2dec3c049a115e9522fcfbaf0d31695cb1ce608811dbe4252cdd0,"Laphroaig 13 yo 1996/2009 (51%, Jack Wiebers, Auld Distillers, Lafite finish, 180 bottles)",Laphroaig,78,"A Laphroaig Lafite finish! The alliteration works, no doubt, but the whisky? Colour: pale apricot. Nose: well well well, this isn’t ugly. Mullein flowers, apricots, peaches, even something muscatel, notes of all-vitamins fruit juice, then some kind of smoked butterscotch, coconut milk and fudge. A discreet sulphury side as well. What I enjoy is the fact that there’s no straight cabernetty feeling here, well done. Not first fill, I guess… With water: not quite. Doesn’t swim too well, it got oddly farmy for Laphroaig. Whiffs of manure. Mouth (neat): no, not quite, it’s starting to be dissonant. Too many spices from French oak? With water: well, it’s all right, it’s got nicer notes of ripe gooseberries. Finish: good length. Some sweet fruit sauce with spices. Ginger. Comments: we’ve tasted worse. I find it okay. Ish.",2014,14.925373134328359,0.0,7.462686567164179,22.388059701492537,0.0,14.925373134328359,0.0,0.0,7.462686567164179,D5b: Farmyard as unclean (negative)
c677a2ccbb5213d9c9a3a290f90fcb0d0d63051dc76646fe78e234893a5ae8e2,"Westport 1996/2019 (49.1%, Berry Bros. for Scyfion Choice, Ukraine, Argaman Jezreel Cask Finish, 102 bottles)",Glenmorangie,100,"Westport is the name of Glenmorangie as a 'blended malt', while Argaman is a red grape varietal and Jezreel a well-known valley in Israel. Colour: peony gold. Nose: typical red-vinous malt whisky, with small rubbery touches and a combination with ganache, praline and stewed fruits, apricots, peaches, then Schwarzwälder Kirschtorte and a little maraschino. Whiffs of fern. Mouth: some tiny rubbery and peppery touches at first, then many leaves, teas, some bitter pine resin, some vegetal tar… Finish: rather long, with good malt – wine integration. Comments: very good, very moving. Makes you want to cry.",2022,0.0,10.526315789473683,0.0,21.052631578947366,10.526315789473683,42.10526315789473,0.0,0.0,21.052631578947366,D6a: Oak as maturity
a49480aced07e93dd920ecb20f97ac6d2ca2ce035e35d1801f78244a9e96624f,"Ardbeg 29 yo 1967/1996 (52.0%, Kingsbury, sherry, cask 923)",Ardbeg,96,"This one doesn’t really need an introduction does it...? Colour: Dark bronze. Nose: One of the most beautiful marriages of perfect sherry and perfect peat. The kind of aroma that brings to mind root beer syrup, cola cubes, earthen floors and the cleanest of smoke, marzipan, a fatty, saline cured ham and a few smoked, crushed almonds. An ancient, salty, almost crusty palo cortado aroma with further notes of bacon, rancio, ancient balsamic, hessian, damp sack cloth and black olives in brine. With water: becomes almost bruisingly medical and phenolic. Deep, earthy, emphatic and kind of eternal. A rabbit hole of a whisky down which you’ll willingly wander and never emerge. Mouth: A.S.T.O.N.I.S.H.I.N.G! This is pure, peated motor oil. Hessian, minerals, the most dense, syrupy and fat kind of peat and sherry combination. Meaty, farmy, darkly fruited, citrus rind, old herbs de Provence, prunes, plum sauce, wood and mulling spices, turmeric, black peppers, sarsaparilla. Did I mention astonishing? With water: soy sauce, treacle, tar, hessian... everything really. We’re kind of long past the anti-maltoporn brigade point here, besides, I don’t think they have a branch in Singapore. There are tannins too, the wood isn’t light, it’s just held in this kind of perfect, ephemeral balance with the mindboggling Ardbeg distillate. Finish: Endless and heartbreakingly superb. Like listening to Maggot Brain while suitably baked with your best friend. Comments: It’s a whisky with a reputation for a reason. And that reason is utterly deserved in my book.",2017,8.130081300813009,32.520325203252035,24.390243902439025,12.195121951219512,12.195121951219512,8.130081300813009,0.0,4.065040650406504,20.32520325203252,D6a: Oak as maturity
ee332d45b6b7b65c3fd3e9563b6e6c9b1d38d2f0cc1490be5da653fb7be1cc61,"Glenrothes 42 yo 1969/2011 (44.7%, Duncan Taylor for Men O'Quaich, octave, cask #49884, 65 bottles)",Glenrothes,91,"At this age, it can go wrong. Let’s check (yeah, any excuse is good)… Colour: amber. Nose: it’s the menthol that comes out first, sign of age, followed by many stewed fruits and a wide range of resinous/sappy tones including beeswax and propolis. Then it’s fruitcake galore and yet again, a feeling of old Demerara rum (like Port Mourant). And then, more and more smoke, which come unexpected. Old coal stove, lovage... Complex and beautiful. Mouth: as often with these old malts, the first sips won’t tell you whether it’ll be over-oaked or not. Seems to hesitate quite a bit, before starting to unfold in a beautiful manner, forgetting the oak and becoming wonderfully ‘beehivy’ and ‘tertiarily fruity’ (that’s more than enough, S.!) Many jams and honeys, chutneys, orange and caramel sauce… Finish: medium long, with more and more ‘sweetish oak’. It’s not dry oak, it’s a kind of, like I said, sweet oak. Or rather a blend of herbal teas with a little honey? Liquorice rolls in the aftertaste, and big time. An earthiness as well, and cinnamon. Comments: not one of these old malts that fade out, quite the opposite in fact. It’s all quite big and very complex and deserves time. Same high quality as the Tomatin in my opinion, but the Glenrothes is maybe a tad more ‘different’ and ‘original’. PS: I didn't know - or I had forgotten, arf - that it was from an octave when I wrote those notes. That explains the 'sweet oak'.",2012,16.0,8.0,4.0,24.0,4.0,4.0,0.0,12.0,12.0,D6b: Oak as excess (over-oaked)
1ad085e4d71d7d801321087b90ae2f03c608472ef9fce8ad541475aaa0b9ed8e,"Ladyburn 37 yo 1974/2011 'Rare Ayrshire' (52.1%, Van Wees, The Ultimate, bourbon, cask #2604, 155 bottles)",Ladyburn (1,87,"We’re approaching our 10th Ladyburn, hurray! (hold your horses, S.) Sadly I can't remember if Ladybrun was triple distilled or not. Colour: gold. Nose: cask-aged pina colada, more or less. So bananas and coconut, then rather a lot of vanilla, meringue, apple pie and white chocolate. Also touches of sweet oak as such, but it’s not planky at all. In a way, it’s well the Auchentoshan with more age, and possibly from a slightly more active bourbon barrel. With water: it’s really amazing how close to the Auchentoshan we got, this one has just got more vanilla. Maybe melons and peaches as well. Mouth (neat): very same profile, that is to say that of some ‘cask strength’ pina colada. Bananas and coconut plus a little cinnamon and white pepper from the oak, but even after 37 years, it did not get too oaky. There’s quite a lot of vanilla, though. With water: perfect. Jelly babies all over the place plus sponge cake and just touches of oak spices such as cinnamon and nutmeg. Only very minor flaw, it’s maybe a little lactic, kind of. Must be the American oak. Finish: not that long but very fruity. More a fruit salad than sweets this time. Comments: typical Lowlands style, with an amazing freshness after all these years. Some very good wood must have been involved at some point. But will this be the last Ladyburn we’ll ever try? Could well be, sob sob sob…",2014,28.80658436213992,0.0,0.0,41.1522633744856,0.0,0.0,0.0,0.0,8.23045267489712,D6b: Oak as excess (over-oaked)
b78d33dbc6c19384ed0d073b6a2faa156d54aa75d4e2264b13af70d675ff6bb4,"Laphroaig 10 yo (43%, OB for Bonfanti, short label, mid 1970s)",Laphroaig,94,"Colour: gold. Nose: one of these whiskies that are both focused and wide, heavy and light, aromatic and elegant, civilised and rough. In short, Laphroaig Bonfanti. Mouth: fruity fireworks. Mangos and pink grapefruits aplenty, on a fattish peaty foundation. And this kind of very specific minerality. Wet concrete? Finish: long, a citrusy blade. Comments: one of the whiskies that any whisky lover should try to taste once in his life.",2015,28.57142857142857,14.285714285714285,0.0,0.0,42.857142857142854,0.0,0.0,42.857142857142854,0.0,D7: High complexity + low explicit praise
959a883acab5e4bfcccfcdcf4a8b4ca8761a812270c6bfe6ba7a7041bcc393c6,"Old Pulteney 'Duncansby Head Lighthouse' (46%, OB, 1l, +/-2014)",Old Pulteney,74,"So sadly only a NAS, but maybe not quite an Untermalt? Let’s see… Colour: straw. Nose: sour sawdust, vanilla, lemon juice, tinned peaches, green apples, and whiffs of sea air (perhaps). Pretty simple, not unpleasant, but smells a bit immature. Mouth: sweet orangey and vanilla-ed arrival, then more sweet barley and apples, with a salty touch. Not bad at all, but very simple. Perhaps a few sultanas. Finish: medium, sweet, rather on barley syrup, with some sawdust in the background. Comments: drinkable, but simple and pretty boring. I love Pulteney, but this is to the distillery what the 924 was to Porsche. Not an essential bottling, in my opinion.",2016,9.25925925925926,18.51851851851852,0.0,27.777777777777775,0.0,27.777777777777775,9.25925925925926,37.03703703703704,0.0,D7: High complexity + low explicit praise
9f6088c0fe7611721cc2aca2c5823926be3fe06c3b99716b5f8970023772938e,"Clynelish 17 yo 1997/2014 (52.4%, Maltbarn, bourbon cask, 166 bottles)",Clynelish,90,"Colour: gold. Nose: indeed. Mouth: indeed. Finish: indeed. Maybe an added touch of oak and white pepper? Comments: indeed. The limits of the exercise. With apologies to the very excellent Maltbarn. Great Clynelish, great cask. Let’s quote the great Molière, “Great is the fortune of he who possesses a good bottle.” You may choose this great Clynelish, my lord. Good, we’ve got other ex-bourbon 1997s, but his would probably become even more ridiculous. So let’s have a 1996 and we’re done ;-)…",2014,0.0,0.0,0.0,24.390243902439025,0.0,0.0,0.0,0.0,97.5609756097561,D8: High praise + low complexity
e54785b714307234397eb65a053156cbbf3e512abef6c1aea45f363948285200,"Bunnahabhain 26 yo 1987/2014 (51.1%, Highland Laird, Bartels Rawlings)",Bunnahabhain,87,"Colour: straw. Nose: same as above. I can’t find any differences, not even when trying to look smart. Same parcel of casks, if not the very same cask. With water: same. Or maybe is there a little more vanilla? Not too sure. Mouth (neat): same. Totally undistinguishable. With water: totally indeed. Finish: same. Once again, a grassier aftertaste. Comments: I’m feeling bad, this is great whisky, I did not want to mess it about. Great freshness, excellent fruits, perfect herbal and grassy side, good body, and balance is perfect. Very good.",2015,0.0,0.0,0.0,10.989010989010989,0.0,0.0,0.0,0.0,76.92307692307693,D8: High praise + low complexity
33ba360a2e978982bc27fd71e95b7f6b41617d759c7b87132dfdb076f1c028a8,"Glenfiddich 1956 (unknown ABV, Thomas Bucktrout & Co. Ltd., Guernsey, +/-1970?)",Glenfiddich,94,"It’s in 2009 that auction house Bonham’s sold eight unlabelled bottles of Glenfiddich 1956, bottled by or for wine merchants Thomas Bucktrout & Co. Ltd. in Guernsey. Let’s try one of those today, with thanks to our friend HH Hansen. Colour: deep amber. Nose: oh my! It’s one of these old-style ‘genuine’ sherry monsters, full of dried fruits, spices and waxes. To the brim! It’s also magnificently mineral and oily, with these whiffs of old-style motor oil and then an endless development on leather polish, very old balsamic vinegar, roasted sesame oil (it’s very obvious here) and God knows what else. Utterly brilliant and totally unmatchable in my opinion. I have no idea as for the strength but it’s very aromatic and frankly big, so I’d say around 50% but the palate will tell us more. Mouth: all right, maybe rather around 45/46%, but what a superb half-dry, half-orangey attack, on something like liquorice infused in orange liqueur. Goes on with the expected notes of prunes and dark chocolate, then touches of polished wood (sandal? Cedar?) and a good deal of pepper, cloves and caraway. Finish: very long because it’s so coating and oily. Great notes of herbs, mint, parsley, tarragon… And even touches of strawberry jam. Comments: I’m wondering whether this wasn’t rather sold in 1956 originally, rather than distilled. It’s a style that rather reminds of pre-war Mortlach (G&M)… It’s big and absolutely fantastic, I’m sure it’s the kind of heavenly dram that Brian is now having in the Paradise of Distillers. Slàinte, Brian!",2012,27.559055118110237,0.0,23.62204724409449,3.937007874015748,15.748031496062993,3.937007874015748,0.0,7.874015748031496,19.68503937007874,D9: Nostalgia language
92a178b3bfecb5ccd3636ee3db223846664bcd579458efacc93a374fc2fb9445,"Highland Park 1978/2011 'Vintage Collection' (47.8%, OB, for Global Travel Retail)",Highland Park,80,"Colour: pale amber. Nose: age shows here, as it starts all on old humidor, various pieces of wooden furniture (old wardrobe) and camphor and eucalyptus. Goes on with more liquorice and honeydew, a little tobacco and then plums and old-style fortified wine (some kind of very sweet Muscat in this case). I’m not too sure, but there could also be a little rosewood, and then more and more mint liqueur (Get, Crème de Menthe…) I like this nose a lot but this style isn’t always good news wrt the palate, it could be overoaky. Let’s see… Mouth: yeah, the oak’s loud here, as feared. Starts right on a feeling of strong black tea and liquorice wood, with the spices in the front while they should rather be in the background in my opinion. Bags of cloves, cinnamon, caraway seeds, mint liqueur again, old walnuts… Well, you get the drift. Don’t get me wrong, it’s still very good whisky but you just have to like this style more than I do. Not an oak infusion but we aren’t far from that in my view. Finish: rather long but drying and quite bitter. Jaegermeister! Comments: the nose was quite superb but the palate was too oaky for this little taster. Still worth a pretty good mark in my book!",2012,18.51851851851852,0.0,4.62962962962963,13.888888888888888,0.0,0.0,0.0,0.0,18.51851851851852,D9: Nostalgia language
